Trade_Name,Alternative_Trade_Name,TE_Code,Alternative_TE_Code,Original_Cost,Estimated_Alternative_Cost,Cost_Reduction_Pct,Original_Benes,Simulated_Access_Coverage_Pct,PMPM_Saving,Cost_Requirement,Access_Requirement,Final_Decision
AZATHIOPRINE,AZASAN,AB,AB,12531423.0,10651709.549999999,15.000000000000007,73366.0,100.0,2.1350869271869817,True,True,RECOMMEND SWITCH
"GRISEOFULVIN, ULTRAMICROSIZE",FULVICIN P/G,AB,AB,234555.28,199371.98799999998,15.000000000000007,6812.0,100.0,0.43040825014679995,True,True,RECOMMEND SWITCH
NORETHINDRONE,INCASSIA,AB1,AB1,258868.14,220037.919,15.000000000000007,12018.0,100.0,0.26925043684473304,True,True,RECOMMEND SWITCH
NORETHINDRONE,INCASSIA,AB2,AB1,258868.14,220037.919,15.000000000000007,12018.0,100.0,0.26925043684473304,True,True,RECOMMEND SWITCH
TIOPRONIN,VENXXIVA,AB,AB,27121856.0,23053577.599999998,15.000000000000007,5790.0,100.0,58.55322970639036,True,True,RECOMMEND SWITCH
SAPROPTERIN DIHYDROCHLORIDE,ZELVYSIA,AB,AB,13718627.0,11660832.95,15.000000000000005,1357.0,100.0,126.36907700810616,True,True,RECOMMEND SWITCH
WARFARIN SODIUM,JANTOVEN,AB,AB,40246604.0,34209613.4,15.000000000000005,857407.0,100.0,0.5867488252370229,True,True,RECOMMEND SWITCH
DICHLORPHENAMIDE,ORMALVI,AB,AB,9536841.0,8106314.85,15.000000000000005,3524.0,100.0,33.828181753688995,True,True,RECOMMEND SWITCH
MIGLUSTAT,YARGESA,AB,AB,6924978.5,5886231.725,15.000000000000005,1028.0,100.0,84.20450510700391,True,True,RECOMMEND SWITCH
DOFETILIDE,DOFETILDE,AB,AB,40058664.0,34049864.4,15.000000000000005,74984.0,100.0,6.677868611970555,True,True,RECOMMEND SWITCH
BETAMETHASONE VALERATE,BETA-VAL,AB,AB,4067856.8,3457678.28,15.000000000000002,66951.0,100.0,0.7594839509492016,True,True,RECOMMEND SWITCH
ASHLYNA,JAIMIESS,AB,AB,1275.88,1084.498,15.000000000000002,7392.0,100.0,0.0021575351731601736,True,True,RECOMMEND SWITCH
LEVOTHYROXINE SODIUM,LEVOLET,AB4,"AB1,AB2,AB3,AB4",831917300.0,707129705.0,15.0,12631582.0,100.0,0.8232512958392701,True,True,RECOMMEND SWITCH
TESTOSTERONE,VOGELXO,AB2,AB2,67798270.0,57628529.5,15.0,96973.0,100.0,8.739323058995803,True,True,RECOMMEND SWITCH
GABAPENTIN,RELGAABI,AB,AB,395467800.0,336147630.0,15.0,9853342.0,100.0,0.5016924714477585,True,True,RECOMMEND SWITCH
LEVOTHYROXINE SODIUM,LEVOLET,"AB1,AB2,AB3","AB1,AB2,AB3,AB4",831917300.0,707129705.0,15.0,12631582.0,100.0,0.8232512958392701,True,True,RECOMMEND SWITCH
ALLOPURINOL,LOPURIN,AB,AB,81713130.0,69456160.5,15.0,2459575.0,100.0,0.41528073955866357,True,True,RECOMMEND SWITCH
LEVOTHYROXINE SODIUM,LEVOLET,AB2,"AB1,AB2,AB3,AB4",831917300.0,707129705.0,15.0,12631582.0,100.0,0.8232512958392701,True,True,RECOMMEND SWITCH
CYCLOSPORINE,GENGRAF,AB1,AB1,1258766100.0,1069951185.0,15.0,637794.0,100.0,24.670310868399515,True,True,RECOMMEND SWITCH
POTASSIUM CHLORIDE,KLOR-CON M10,AB2,AB1,276764830.0,235250105.5,15.0,3896076.0,100.0,0.887960187378275,True,True,RECOMMEND SWITCH
POTASSIUM CHLORIDE,KLOR-CON M10,AB1,AB1,276764830.0,235250105.5,15.0,3896076.0,100.0,0.887960187378275,True,True,RECOMMEND SWITCH
POTASSIUM CHLORIDE,KLOR-CON M10,AB3,AB1,276764830.0,235250105.5,15.0,3896076.0,100.0,0.887960187378275,True,True,RECOMMEND SWITCH
CYCLOSPORINE,GENGRAF,AB2,AB1,1258766100.0,1069951185.0,15.0,637794.0,100.0,24.670310868399515,True,True,RECOMMEND SWITCH
ISOTRETINOIN,CLARAVIS,AB1,AB1,168318.28,143070.538,15.0,6872.0,100.0,0.30616683643771825,True,True,RECOMMEND SWITCH
CARBAMAZEPINE,TERIL,AB,AB,76808950.0,65287607.5,15.0,193523.0,100.0,4.961228768673491,True,True,RECOMMEND SWITCH
WIXELA INHUB,FLUTICASONE PROPIONATE AND SALMETEROL XINAFOATE,AB,AB,628607700.0,534316545.0,15.0,864817.0,100.0,9.08584850899092,True,True,RECOMMEND SWITCH
DESMOPRESSIN ACETATE,DESMOPRESSIN ACETATE (NEEDS NO REFRIGERATION),AB,AB,9607717.0,8166559.45,15.0,36655.0,100.0,3.2764005592688576,True,True,RECOMMEND SWITCH
METHENAMINE HIPPURATE,UREX,AB,AB,34656910.0,29458373.5,15.0,180784.0,100.0,2.396292675236747,True,True,RECOMMEND SWITCH
LEVOTHYROXINE SODIUM,LEVOLET,"AB1,AB2,AB3,AB4","AB1,AB2,AB3,AB4",831917300.0,707129705.0,15.0,12631582.0,100.0,0.8232512958392701,True,True,RECOMMEND SWITCH
TESTOSTERONE,VOGELXO,AB1,AB2,67798270.0,57628529.5,15.0,96973.0,100.0,8.739323058995803,True,True,RECOMMEND SWITCH
CARBAMAZEPINE,EPITOL,AB,AB,76808950.0,65287607.5,15.0,193523.0,100.0,4.961228768673491,True,True,RECOMMEND SWITCH
ISOTRETINOIN,CLARAVIS,AB2,AB1,168318.28,143070.538,15.0,6872.0,100.0,0.30616683643771825,True,True,RECOMMEND SWITCH
MYORISAN,CLARAVIS,AB1,AB1,168318.28,143070.538,15.0,6872.0,100.0,0.30616683643771825,True,True,RECOMMEND SWITCH
DEFLAZACORT,PYQUVI,AB,AB,10438014.0,8872311.9,14.999999999999996,3419.0,100.0,38.161794384322896,True,True,RECOMMEND SWITCH
TADALAFIL,ALYQ,AB1,AB2,70578296.0,59991551.6,14.999999999999996,59832.0,100.0,14.745097940901188,True,True,RECOMMEND SWITCH
TRETINOIN,TRETINOIN MICROSPHERE,AB,AB,10017024.0,8514470.4,14.999999999999996,59430.0,100.0,2.106895507319535,True,True,RECOMMEND SWITCH
DEFLAZACORT,JAYTHARI,AB,AB,10438014.0,8872311.9,14.999999999999996,3419.0,100.0,38.161794384322896,True,True,RECOMMEND SWITCH
TADALAFIL,ALYQ,AB2,AB2,70578296.0,59991551.6,14.999999999999996,59832.0,100.0,14.745097940901188,True,True,RECOMMEND SWITCH
TRETINOIN,AVITA,AB1,AB,10017024.0,8514470.4,14.999999999999996,59430.0,100.0,2.106895507319535,True,True,RECOMMEND SWITCH
SUMATRIPTAN SUCCINATE,SUMATRIPTAN SUCCINATE (AUTOINJECTOR),AB,AB,41744456.0,35482787.6,14.999999999999996,334110.0,100.0,1.5617781568944356,True,True,RECOMMEND SWITCH
TRETINOIN,AVITA,AB,AB,10017024.0,8514470.4,14.999999999999996,59430.0,100.0,2.106895507319535,True,True,RECOMMEND SWITCH
DESMOPRESSIN ACETATE (NEEDS NO REFRIGERATION),DESMOPRESSIN ACETATE,AB,AB,,,,,,,False,False,DATA NEEDED
DOXORUBICIN HYDROCHLORIDE (LIPOSOMAL),DOXORUBICIN HYDROCHLORIDE,AB,AB,,,,,,,False,False,DATA NEEDED
DILTIAZEM HYDROCHLORIDE,CARTIA XT,AB1,AB3,,,,,,,False,False,DATA NEEDED
CLARAVIS,ZENATANE,AB1,AB1,,,,,,,False,False,DATA NEEDED
DILTIAZEM HYDROCHLORIDE,CARTIA XT,AB2,AB3,,,,,,,False,False,DATA NEEDED
ORMALVI,DICHLORPHENAMIDE,AB,AB,,,,,,,False,False,DATA NEEDED
JAYTHARI,DEFLAZACORT,AB,AB,,,,,,,False,False,DATA NEEDED
JANTOVEN,WARFARIN SODIUM,AB,AB,,,,,,,False,False,DATA NEEDED
JAIMIESS,ASHLYNA,AB,AB,,,,,,,False,False,DATA NEEDED
LEVONORGESTREL AND ETHINYL ESTRADIOL,ASHLYNA,AB,AB,,,,,,,False,False,DATA NEEDED
LEVONORGESTREL AND ETHINYL ESTRADIOL AND ETHINYL ESTRADIOL,ASHLYNA,AB,AB,,,,,,,False,False,DATA NEEDED
SIMPESSE,ASHLYNA,AB,AB,,,,,,,False,False,DATA NEEDED
DAYSEE,ASHLYNA,AB,AB,,,,,,,False,False,DATA NEEDED
LOPURIN,ALLOPURINOL,AB,AB,,,,,,,False,False,DATA NEEDED
SORINE,SOTALOL HYDROCHLORIDE,AB,AB,,,,,,,False,False,DATA NEEDED
SOTALOL HYDROCHLORIDE,SORINE,AB,AB,,,,,,,False,False,DATA NEEDED
"DROSPIRENONE, ETHINYL ESTRADIOL AND LEVOMEFOLATE CALCIUM",TYDEMY,AB,AB,,,,,,,False,False,DATA NEEDED
AZASAN,AZATHIOPRINE,AB,AB,,,,,,,False,False,DATA NEEDED
PAROXETINE HYDROCHLORIDE,PAROXETINE,AB,AB,,,,,,,False,False,DATA NEEDED
PAROXETINE,PAROXETINE HYDROCHLORIDE,AB,AB,,,,,,,False,False,DATA NEEDED
DROSPIRENONE AND ETHINYL ESTRADIOL,SYEDA,AB,AB,,,,,,,False,False,DATA NEEDED
LARIN 1.5/30,NORETHINDRONE ACETATE AND ETHINYL ESTRADIOL,AB,AB,,,,,,,False,False,DATA NEEDED
NORETHINDRONE ACETATE AND ETHINYL ESTRADIOL,LARIN 1.5/30,AB,AB,,,,,,,False,False,DATA NEEDED
JUNEL 1.5/30,LARIN 1.5/30,AB,AB,,,,,,,False,False,DATA NEEDED
SYEDA,DROSPIRENONE AND ETHINYL ESTRADIOL,AB,AB,,,,,,,False,False,DATA NEEDED
YAELA,DROSPIRENONE AND ETHINYL ESTRADIOL,AB,AB,,,,,,,False,False,DATA NEEDED
ZUMANDIMINE,DROSPIRENONE AND ETHINYL ESTRADIOL,AB,AB,,,,,,,False,False,DATA NEEDED
HAILEY 1.5/30,LARIN 1.5/30,AB,AB,,,,,,,False,False,DATA NEEDED
AUROVELA 1.5/30,LARIN 1.5/30,AB,AB,,,,,,,False,False,DATA NEEDED
FULVICIN P/G,"GRISEOFULVIN, ULTRAMICROSIZE",AB,AB,,,,,,,False,False,DATA NEEDED
"GRISEOFULVIN,ULTRAMICROSIZE","GRISEOFULVIN, ULTRAMICROSIZE",AB,AB,,,,,,,False,False,DATA NEEDED
PRASUGREL,PRASUGREL HYDROCHLORIDE,AB,AB,,,,,,,False,False,DATA NEEDED
PRASUGREL HYDROCHLORIDE,PRASUGREL,AB,AB,,,,,,,False,False,DATA NEEDED
DROSPIRENONE AND ETHINYL ESTRADIOL,LO-ZUMANDIMINE,AB,AB,,,,,,,False,False,DATA NEEDED
LO-ZUMANDIMINE,DROSPIRENONE AND ETHINYL ESTRADIOL,AB,AB,,,,,,,False,False,DATA NEEDED
LORYNA,DROSPIRENONE AND ETHINYL ESTRADIOL,AB,AB,,,,,,,False,False,DATA NEEDED
MELAMISA,DROSPIRENONE AND ETHINYL ESTRADIOL,AB,AB,,,,,,,False,False,DATA NEEDED
NIKKI,DROSPIRENONE AND ETHINYL ESTRADIOL,AB,AB,,,,,,,False,False,DATA NEEDED
TYDEMY,"DROSPIRENONE, ETHINYL ESTRADIOL AND LEVOMEFOLATE CALCIUM",AB,AB,,,,,,,False,False,DATA NEEDED
EMTRICITABINE AND TENOFOVIR DISOPROXIL FUMARATE,EMTRICITABINE AND  TENOFOVIR DISOPROXIL FUMARATE,AB,AB,,,,,,,False,False,DATA NEEDED
EMTRICITABINE AND  TENOFOVIR DISOPROXIL FUMARATE,EMTRICITABINE AND TENOFOVIR DISOPROXIL FUMARATE,AB,AB,,,,,,,False,False,DATA NEEDED
UREX,METHENAMINE HIPPURATE,AB,AB,,,,,,,False,False,DATA NEEDED
SETLAKIN,ASHLYNA,AB,AB,,,,,,,False,False,DATA NEEDED
ICLEVIA,ASHLYNA,AB,AB,,,,,,,False,False,DATA NEEDED
INTROVALE,ASHLYNA,AB,AB,,,,,,,False,False,DATA NEEDED
QUASENSE,ASHLYNA,AB,AB,,,,,,,False,False,DATA NEEDED
YARGESA,MIGLUSTAT,AB,AB,,,,,,,False,False,DATA NEEDED
TRETINOIN MICROSPHERE,TRETINOIN,AB,AB,,,,,,,False,False,DATA NEEDED
VALNAC,DERMABET,AB,AB,,,,,,,False,False,DATA NEEDED
DERMABET,VALNAC,AB,AB,,,,,,,False,False,DATA NEEDED
BUDESONIDE AND FORMOTEROL FUMARATE DIHYDRATE,BREYNA,AB,AB,,,,,,,False,False,DATA NEEDED
BREYNA,BUDESONIDE AND FORMOTEROL FUMARATE DIHYDRATE,AB,AB,,,,,,,False,False,DATA NEEDED
NORETHINDRONE ACETATE AND ETHINYL ESTRADIOL AND FERROUS FUMARATE,MERZEE,AB,AB,,,,,,,False,False,DATA NEEDED
MERZEE,NORETHINDRONE ACETATE AND ETHINYL ESTRADIOL AND FERROUS FUMARATE,AB,AB,,,,,,,False,False,DATA NEEDED
GEMMILY,NORETHINDRONE ACETATE AND ETHINYL ESTRADIOL AND FERROUS FUMARATE,AB,AB,,,,,,,False,False,DATA NEEDED
DOFETILDE,DOFETILIDE,AB,AB,,,,,,,False,False,DATA NEEDED
VENXXIVA,TIOPRONIN,AB,AB,,,,,,,False,False,DATA NEEDED
TERIL,CARBAMAZEPINE,AB,AB,,,,,,,False,False,DATA NEEDED
PYQUVI,DEFLAZACORT,AB,AB,,,,,,,False,False,DATA NEEDED
DOXORUBICIN HYDROCHLORIDE,DOXORUBICIN HYDROCHLORIDE (LIPOSOMAL),AB,AB,,,,,,,False,False,DATA NEEDED
ENILLORING,ETHINYL ESTRADIOL; ETONOGESTREL,AB,AB,,,,,,,False,False,DATA NEEDED
ETHINYL ESTRADIOL; ETONOGESTREL,ENILLORING,AB,AB,,,,,,,False,False,DATA NEEDED
HALOETTE,ENILLORING,AB,AB,,,,,,,False,False,DATA NEEDED
ELURYNG,ENILLORING,AB,AB,,,,,,,False,False,DATA NEEDED
FLUTICASONE PROPIONATE AND SALMETEROL XINAFOATE,WIXELA INHUB,AB,AB,,,,,,,False,False,DATA NEEDED
ZENATANE,CLARAVIS,AB1,AB1,,,,,,,False,False,DATA NEEDED
AMNESTEEM,CLARAVIS,AB1,AB1,,,,,,,False,False,DATA NEEDED
DILTIAZEM HYDROCHLORIDE,CARTIA XT,AB4,AB3,,,,,,,False,False,DATA NEEDED
GENGRAF,CYCLOSPORINE,AB1,AB1,,,,,,,False,False,DATA NEEDED
DILTIAZEM HYDROCHLORIDE,CARTIA XT,AB3,AB3,,,,,,,False,False,DATA NEEDED
INCASSIA,NORETHINDRONE,AB1,AB2,,,,,,,False,False,DATA NEEDED
ERRIN,NORETHINDRONE,AB2,AB2,,,,,,,False,False,DATA NEEDED
EMZAHH,NORETHINDRONE,AB2,AB2,,,,,,,False,False,DATA NEEDED
CAMILA,NORETHINDRONE,AB1,AB2,,,,,,,False,False,DATA NEEDED
HEATHER,NORETHINDRONE,AB1,AB2,,,,,,,False,False,DATA NEEDED
JENCYCLA,NORETHINDRONE,AB2,AB2,,,,,,,False,False,DATA NEEDED
ALYQ,TADALAFIL,AB2,AB1,,,,,,,False,False,DATA NEEDED
CARTIA XT,DILTIAZEM HYDROCHLORIDE,AB3,AB1,,,,,,,False,False,DATA NEEDED
RELGAABI,GABAPENTIN,AB,AB,,,,,,,False,False,DATA NEEDED
LEVOLET,LEVOTHYROXINE SODIUM,"AB1,AB2,AB3,AB4","AB1,AB2,AB3,AB4",,,,,,,False,False,DATA NEEDED
LEVO-T,LEVOTHYROXINE SODIUM,"AB1,AB2,AB3","AB1,AB2,AB3,AB4",,,,,,,False,False,DATA NEEDED
KLOR-CON M10,POTASSIUM CHLORIDE,AB1,AB2,,,,,,,False,False,DATA NEEDED
LEVONORGESTREL AND ETHINYL ESTRADIOL AND FERROUS FUMARATE,ASHLYNA,AB3,AB,,,,,,,False,False,DATA NEEDED
MINZOYA,ASHLYNA,AB3,AB,,,,,,,False,False,DATA NEEDED
BETA-VAL,BETAMETHASONE VALERATE,AB,AB,,,,,,,False,False,DATA NEEDED
AVITA,TRETINOIN,AB,AB,,,,,,,False,False,DATA NEEDED
BETA-VAL,VALNAC,AB,AB,,,,,,,False,False,DATA NEEDED
SUMATRIPTAN SUCCINATE (AUTOINJECTOR),SUMATRIPTAN SUCCINATE,AB,AB,,,,,,,False,False,DATA NEEDED
ZELVYSIA,SAPROPTERIN DIHYDROCHLORIDE,AB,AB,,,,,,,False,False,DATA NEEDED
VOGELXO,TESTOSTERONE,AB2,AB1,,,,,,,False,False,DATA NEEDED
EPITOL,CARBAMAZEPINE,AB,AB,,,,,,,False,False,DATA NEEDED
