Trade_Name,Alternative_Trade_Name,TE_Code,Alternative_TE_Code
DESMOPRESSIN ACETATE (NEEDS NO REFRIGERATION),DESMOPRESSIN ACETATE,AB,AB
ALLOPURINOL,LOPURIN,AB,AB
WARFARIN SODIUM,JANTOVEN,AB,AB
DOXORUBICIN HYDROCHLORIDE (LIPOSOMAL),DOXORUBICIN HYDROCHLORIDE,AB,AB
DESMOPRESSIN ACETATE,DESMOPRESSIN ACETATE (NEEDS NO REFRIGERATION),AB,AB
METHENAMINE HIPPURATE,UREX,AB,AB
"GRISEOFULVIN, ULTRAMICROSIZE",FULVICIN P/G,AB,AB
DILTIAZEM HYDROCHLORIDE,CARTIA XT,AB1,AB3
LEVOTHYROXINE SODIUM,LEVOLET,"AB1,AB2,AB3,AB4","AB1,AB2,AB3,AB4"
CLARAVIS,ZENATANE,AB1,AB1
TESTOSTERONE,VOGELXO,AB1,AB2
DILTIAZEM HYDROCHLORIDE,CARTIA XT,AB2,AB3
NORETHINDRONE,INCASSIA,AB2,AB1
DICHLORPHENAMIDE,ORMALVI,AB,AB
ORMALVI,DICHLORPHENAMIDE,AB,AB
DEFLAZACORT,JAYTHARI,AB,AB
JAYTHARI,DEFLAZACORT,AB,AB
JANTOVEN,WARFARIN SODIUM,AB,AB
ASHLYNA,JAIMIESS,AB,AB
JAIMIESS,ASHLYNA,AB,AB
LEVONORGESTREL AND ETHINYL ESTRADIOL,ASHLYNA,AB,AB
LEVONORGESTREL AND ETHINYL ESTRADIOL AND ETHINYL ESTRADIOL,ASHLYNA,AB,AB
SIMPESSE,ASHLYNA,AB,AB
DAYSEE,ASHLYNA,AB,AB
LOPURIN,ALLOPURINOL,AB,AB
SORINE,SOTALOL HYDROCHLORIDE,AB,AB
SOTALOL HYDROCHLORIDE,SORINE,AB,AB
"DROSPIRENONE, ETHINYL ESTRADIOL AND LEVOMEFOLATE CALCIUM",TYDEMY,AB,AB
AZASAN,AZATHIOPRINE,AB,AB
AZATHIOPRINE,AZASAN,AB,AB
PAROXETINE HYDROCHLORIDE,PAROXETINE,AB,AB
PAROXETINE,PAROXETINE HYDROCHLORIDE,AB,AB
DROSPIRENONE AND ETHINYL ESTRADIOL,SYEDA,AB,AB
LARIN 1.5/30,NORETHINDRONE ACETATE AND ETHINYL ESTRADIOL,AB,AB
NORETHINDRONE ACETATE AND ETHINYL ESTRADIOL,LARIN 1.5/30,AB,AB
JUNEL 1.5/30,LARIN 1.5/30,AB,AB
SYEDA,DROSPIRENONE AND ETHINYL ESTRADIOL,AB,AB
YAELA,DROSPIRENONE AND ETHINYL ESTRADIOL,AB,AB
ZUMANDIMINE,DROSPIRENONE AND ETHINYL ESTRADIOL,AB,AB
HAILEY 1.5/30,LARIN 1.5/30,AB,AB
AUROVELA 1.5/30,LARIN 1.5/30,AB,AB
FULVICIN P/G,"GRISEOFULVIN, ULTRAMICROSIZE",AB,AB
"GRISEOFULVIN,ULTRAMICROSIZE","GRISEOFULVIN, ULTRAMICROSIZE",AB,AB
PRASUGREL,PRASUGREL HYDROCHLORIDE,AB,AB
PRASUGREL HYDROCHLORIDE,PRASUGREL,AB,AB
DROSPIRENONE AND ETHINYL ESTRADIOL,LO-ZUMANDIMINE,AB,AB
LO-ZUMANDIMINE,DROSPIRENONE AND ETHINYL ESTRADIOL,AB,AB
LORYNA,DROSPIRENONE AND ETHINYL ESTRADIOL,AB,AB
MELAMISA,DROSPIRENONE AND ETHINYL ESTRADIOL,AB,AB
NIKKI,DROSPIRENONE AND ETHINYL ESTRADIOL,AB,AB
TYDEMY,"DROSPIRENONE, ETHINYL ESTRADIOL AND LEVOMEFOLATE CALCIUM",AB,AB
EMTRICITABINE AND TENOFOVIR DISOPROXIL FUMARATE,EMTRICITABINE AND  TENOFOVIR DISOPROXIL FUMARATE,AB,AB
EMTRICITABINE AND  TENOFOVIR DISOPROXIL FUMARATE,EMTRICITABINE AND TENOFOVIR DISOPROXIL FUMARATE,AB,AB
UREX,METHENAMINE HIPPURATE,AB,AB
SETLAKIN,ASHLYNA,AB,AB
ICLEVIA,ASHLYNA,AB,AB
INTROVALE,ASHLYNA,AB,AB
QUASENSE,ASHLYNA,AB,AB
YARGESA,MIGLUSTAT,AB,AB
MIGLUSTAT,YARGESA,AB,AB
TRETINOIN,TRETINOIN MICROSPHERE,AB,AB
TRETINOIN MICROSPHERE,TRETINOIN,AB,AB
VALNAC,DERMABET,AB,AB
DERMABET,VALNAC,AB,AB
BUDESONIDE AND FORMOTEROL FUMARATE DIHYDRATE,BREYNA,AB,AB
BREYNA,BUDESONIDE AND FORMOTEROL FUMARATE DIHYDRATE,AB,AB
NORETHINDRONE ACETATE AND ETHINYL ESTRADIOL AND FERROUS FUMARATE,MERZEE,AB,AB
MERZEE,NORETHINDRONE ACETATE AND ETHINYL ESTRADIOL AND FERROUS FUMARATE,AB,AB
GEMMILY,NORETHINDRONE ACETATE AND ETHINYL ESTRADIOL AND FERROUS FUMARATE,AB,AB
DOFETILIDE,DOFETILDE,AB,AB
DOFETILDE,DOFETILIDE,AB,AB
TIOPRONIN,VENXXIVA,AB,AB
VENXXIVA,TIOPRONIN,AB,AB
CARBAMAZEPINE,TERIL,AB,AB
TERIL,CARBAMAZEPINE,AB,AB
DEFLAZACORT,PYQUVI,AB,AB
PYQUVI,DEFLAZACORT,AB,AB
DOXORUBICIN HYDROCHLORIDE,DOXORUBICIN HYDROCHLORIDE (LIPOSOMAL),AB,AB
ENILLORING,ETHINYL ESTRADIOL; ETONOGESTREL,AB,AB
ETHINYL ESTRADIOL; ETONOGESTREL,ENILLORING,AB,AB
HALOETTE,ENILLORING,AB,AB
ELURYNG,ENILLORING,AB,AB
FLUTICASONE PROPIONATE AND SALMETEROL XINAFOATE,WIXELA INHUB,AB,AB
WIXELA INHUB,FLUTICASONE PROPIONATE AND SALMETEROL XINAFOATE,AB,AB
ZENATANE,CLARAVIS,AB1,AB1
AMNESTEEM,CLARAVIS,AB1,AB1
ISOTRETINOIN,CLARAVIS,AB2,AB1
ISOTRETINOIN,CLARAVIS,AB1,AB1
MYORISAN,CLARAVIS,AB1,AB1
DILTIAZEM HYDROCHLORIDE,CARTIA XT,AB4,AB3
TADALAFIL,ALYQ,AB1,AB2
TRETINOIN,AVITA,AB,AB
CYCLOSPORINE,GENGRAF,AB1,AB1
CYCLOSPORINE,GENGRAF,AB2,AB1
GENGRAF,CYCLOSPORINE,AB1,AB1
TRETINOIN,AVITA,AB1,AB
DILTIAZEM HYDROCHLORIDE,CARTIA XT,AB3,AB3
TADALAFIL,ALYQ,AB2,AB2
INCASSIA,NORETHINDRONE,AB1,AB2
ERRIN,NORETHINDRONE,AB2,AB2
EMZAHH,NORETHINDRONE,AB2,AB2
CAMILA,NORETHINDRONE,AB1,AB2
HEATHER,NORETHINDRONE,AB1,AB2
JENCYCLA,NORETHINDRONE,AB2,AB2
NORETHINDRONE,INCASSIA,AB1,AB1
TESTOSTERONE,VOGELXO,AB2,AB2
ALYQ,TADALAFIL,AB2,AB1
CARTIA XT,DILTIAZEM HYDROCHLORIDE,AB3,AB1
GABAPENTIN,RELGAABI,AB,AB
RELGAABI,GABAPENTIN,AB,AB
LEVOTHYROXINE SODIUM,LEVOLET,"AB1,AB2,AB3","AB1,AB2,AB3,AB4"
LEVOTHYROXINE SODIUM,LEVOLET,AB4,"AB1,AB2,AB3,AB4"
LEVOTHYROXINE SODIUM,LEVOLET,AB2,"AB1,AB2,AB3,AB4"
LEVOLET,LEVOTHYROXINE SODIUM,"AB1,AB2,AB3,AB4","AB1,AB2,AB3,AB4"
LEVO-T,LEVOTHYROXINE SODIUM,"AB1,AB2,AB3","AB1,AB2,AB3,AB4"
POTASSIUM CHLORIDE,KLOR-CON M10,AB2,AB1
POTASSIUM CHLORIDE,KLOR-CON M10,AB1,AB1
KLOR-CON M10,POTASSIUM CHLORIDE,AB1,AB2
LEVONORGESTREL AND ETHINYL ESTRADIOL AND FERROUS FUMARATE,ASHLYNA,AB3,AB
MINZOYA,ASHLYNA,AB3,AB
POTASSIUM CHLORIDE,KLOR-CON M10,AB3,AB1
BETA-VAL,BETAMETHASONE VALERATE,AB,AB
BETAMETHASONE VALERATE,BETA-VAL,AB,AB
AVITA,TRETINOIN,AB,AB
BETA-VAL,VALNAC,AB,AB
SAPROPTERIN DIHYDROCHLORIDE,ZELVYSIA,AB,AB
SUMATRIPTAN SUCCINATE,SUMATRIPTAN SUCCINATE (AUTOINJECTOR),AB,AB
SUMATRIPTAN SUCCINATE (AUTOINJECTOR),SUMATRIPTAN SUCCINATE,AB,AB
ZELVYSIA,SAPROPTERIN DIHYDROCHLORIDE,AB,AB
VOGELXO,TESTOSTERONE,AB2,AB1
CARBAMAZEPINE,EPITOL,AB,AB
EPITOL,CARBAMAZEPINE,AB,AB
