Trade_Name,Ingredient,TE_Code,Alternative_Trade_Name,Alternative_TE_Code,TE_Decision
DESMOPRESSIN ACETATE (NEEDS NO REFRIGERATION),DESMOPRESSIN ACETATE,AB,DESMOPRESSIN ACETATE,AB,TE-EQUIVALENT ALTERNATIVE
ALLOPURINOL,ALLOPURINOL,AB,LOPURIN,AB,TE-EQUIVALENT ALTERNATIVE
WARFARIN SODIUM,WARFARIN SODIUM,AB,JANTOVEN,AB,TE-EQUIVALENT ALTERNATIVE
DOXORUBICIN HYDROCHLORIDE (LIPOSOMAL),DOXORUBICIN HYDROCHLORIDE,AB,DOXORUBICIN HYDROCHLORIDE,AB,TE-EQUIVALENT ALTERNATIVE
DESMOPRESSIN ACETATE,DESMOPRESSIN ACETATE,AB,DESMOPRESSIN ACETATE (NEEDS NO REFRIGERATION),AB,TE-EQUIVALENT ALTERNATIVE
METHENAMINE HIPPURATE,METHENAMINE HIPPURATE,AB,UREX,AB,TE-EQUIVALENT ALTERNATIVE
"GRISEOFULVIN, ULTRAMICROSIZE","GRISEOFULVIN, ULTRAMICROSIZE",AB,FULVICIN P/G,AB,TE-EQUIVALENT ALTERNATIVE
DILTIAZEM HYDROCHLORIDE,DILTIAZEM HYDROCHLORIDE,AB1,CARTIA XT,AB3,TE-EQUIVALENT ALTERNATIVE
LEVOTHYROXINE SODIUM,LEVOTHYROXINE SODIUM,"AB1,AB2,AB3,AB4",LEVOLET,"AB1,AB2,AB3,AB4",TE-EQUIVALENT ALTERNATIVE
CLARAVIS,ISOTRETINOIN,AB1,ZENATANE,AB1,TE-EQUIVALENT ALTERNATIVE
TESTOSTERONE,TESTOSTERONE,AB1,VOGELXO,AB2,TE-EQUIVALENT ALTERNATIVE
DILTIAZEM HYDROCHLORIDE,DILTIAZEM HYDROCHLORIDE,AB2,CARTIA XT,AB3,TE-EQUIVALENT ALTERNATIVE
NORETHINDRONE,NORETHINDRONE,AB2,INCASSIA,AB1,TE-EQUIVALENT ALTERNATIVE
DICHLORPHENAMIDE,DICHLORPHENAMIDE,AB,ORMALVI,AB,TE-EQUIVALENT ALTERNATIVE
ORMALVI,DICHLORPHENAMIDE,AB,DICHLORPHENAMIDE,AB,TE-EQUIVALENT ALTERNATIVE
DEFLAZACORT,DEFLAZACORT,AB,JAYTHARI,AB,TE-EQUIVALENT ALTERNATIVE
JAYTHARI,DEFLAZACORT,AB,DEFLAZACORT,AB,TE-EQUIVALENT ALTERNATIVE
JANTOVEN,WARFARIN SODIUM,AB,WARFARIN SODIUM,AB,TE-EQUIVALENT ALTERNATIVE
ASHLYNA,ETHINYL ESTRADIOL; LEVONORGESTREL,AB,JAIMIESS,AB,TE-EQUIVALENT ALTERNATIVE
JAIMIESS,ETHINYL ESTRADIOL; LEVONORGESTREL,AB,ASHLYNA,AB,TE-EQUIVALENT ALTERNATIVE
LEVONORGESTREL AND ETHINYL ESTRADIOL,ETHINYL ESTRADIOL; LEVONORGESTREL,AB,ASHLYNA,AB,TE-EQUIVALENT ALTERNATIVE
LEVONORGESTREL AND ETHINYL ESTRADIOL AND ETHINYL ESTRADIOL,ETHINYL ESTRADIOL; LEVONORGESTREL,AB,ASHLYNA,AB,TE-EQUIVALENT ALTERNATIVE
SIMPESSE,ETHINYL ESTRADIOL; LEVONORGESTREL,AB,ASHLYNA,AB,TE-EQUIVALENT ALTERNATIVE
DAYSEE,ETHINYL ESTRADIOL; LEVONORGESTREL,AB,ASHLYNA,AB,TE-EQUIVALENT ALTERNATIVE
LOPURIN,ALLOPURINOL,AB,ALLOPURINOL,AB,TE-EQUIVALENT ALTERNATIVE
SORINE,SOTALOL HYDROCHLORIDE,AB,SOTALOL HYDROCHLORIDE,AB,TE-EQUIVALENT ALTERNATIVE
SOTALOL HYDROCHLORIDE,SOTALOL HYDROCHLORIDE,AB,SORINE,AB,TE-EQUIVALENT ALTERNATIVE
"DROSPIRENONE, ETHINYL ESTRADIOL AND LEVOMEFOLATE CALCIUM",DROSPIRENONE; ETHINYL ESTRADIOL; LEVOMEFOLATE CALCIUM,AB,TYDEMY,AB,TE-EQUIVALENT ALTERNATIVE
AZASAN,AZATHIOPRINE,AB,AZATHIOPRINE,AB,TE-EQUIVALENT ALTERNATIVE
AZATHIOPRINE,AZATHIOPRINE,AB,AZASAN,AB,TE-EQUIVALENT ALTERNATIVE
PAROXETINE HYDROCHLORIDE,PAROXETINE HYDROCHLORIDE,AB,PAROXETINE,AB,TE-EQUIVALENT ALTERNATIVE
PAROXETINE,PAROXETINE HYDROCHLORIDE,AB,PAROXETINE HYDROCHLORIDE,AB,TE-EQUIVALENT ALTERNATIVE
DROSPIRENONE AND ETHINYL ESTRADIOL,DROSPIRENONE; ETHINYL ESTRADIOL,AB,SYEDA,AB,TE-EQUIVALENT ALTERNATIVE
LARIN 1.5/30,ETHINYL ESTRADIOL; NORETHINDRONE ACETATE,AB,NORETHINDRONE ACETATE AND ETHINYL ESTRADIOL,AB,TE-EQUIVALENT ALTERNATIVE
NORETHINDRONE ACETATE AND ETHINYL ESTRADIOL,ETHINYL ESTRADIOL; NORETHINDRONE ACETATE,AB,LARIN 1.5/30,AB,TE-EQUIVALENT ALTERNATIVE
JUNEL 1.5/30,ETHINYL ESTRADIOL; NORETHINDRONE ACETATE,AB,LARIN 1.5/30,AB,TE-EQUIVALENT ALTERNATIVE
SYEDA,DROSPIRENONE; ETHINYL ESTRADIOL,AB,DROSPIRENONE AND ETHINYL ESTRADIOL,AB,TE-EQUIVALENT ALTERNATIVE
YAELA,DROSPIRENONE; ETHINYL ESTRADIOL,AB,DROSPIRENONE AND ETHINYL ESTRADIOL,AB,TE-EQUIVALENT ALTERNATIVE
ZUMANDIMINE,DROSPIRENONE; ETHINYL ESTRADIOL,AB,DROSPIRENONE AND ETHINYL ESTRADIOL,AB,TE-EQUIVALENT ALTERNATIVE
HAILEY 1.5/30,ETHINYL ESTRADIOL; NORETHINDRONE ACETATE,AB,LARIN 1.5/30,AB,TE-EQUIVALENT ALTERNATIVE
AUROVELA 1.5/30,ETHINYL ESTRADIOL; NORETHINDRONE ACETATE,AB,LARIN 1.5/30,AB,TE-EQUIVALENT ALTERNATIVE
FULVICIN P/G,"GRISEOFULVIN, ULTRAMICROSIZE",AB,"GRISEOFULVIN, ULTRAMICROSIZE",AB,TE-EQUIVALENT ALTERNATIVE
"GRISEOFULVIN,ULTRAMICROSIZE","GRISEOFULVIN, ULTRAMICROSIZE",AB,"GRISEOFULVIN, ULTRAMICROSIZE",AB,TE-EQUIVALENT ALTERNATIVE
PRASUGREL,PRASUGREL HYDROCHLORIDE,AB,PRASUGREL HYDROCHLORIDE,AB,TE-EQUIVALENT ALTERNATIVE
PRASUGREL HYDROCHLORIDE,PRASUGREL HYDROCHLORIDE,AB,PRASUGREL,AB,TE-EQUIVALENT ALTERNATIVE
DROSPIRENONE AND ETHINYL ESTRADIOL,DROSPIRENONE; ETHINYL ESTRADIOL,AB,LO-ZUMANDIMINE,AB,TE-EQUIVALENT ALTERNATIVE
LO-ZUMANDIMINE,DROSPIRENONE; ETHINYL ESTRADIOL,AB,DROSPIRENONE AND ETHINYL ESTRADIOL,AB,TE-EQUIVALENT ALTERNATIVE
LORYNA,DROSPIRENONE; ETHINYL ESTRADIOL,AB,DROSPIRENONE AND ETHINYL ESTRADIOL,AB,TE-EQUIVALENT ALTERNATIVE
MELAMISA,DROSPIRENONE; ETHINYL ESTRADIOL,AB,DROSPIRENONE AND ETHINYL ESTRADIOL,AB,TE-EQUIVALENT ALTERNATIVE
NIKKI,DROSPIRENONE; ETHINYL ESTRADIOL,AB,DROSPIRENONE AND ETHINYL ESTRADIOL,AB,TE-EQUIVALENT ALTERNATIVE
TYDEMY,DROSPIRENONE; ETHINYL ESTRADIOL; LEVOMEFOLATE CALCIUM,AB,"DROSPIRENONE, ETHINYL ESTRADIOL AND LEVOMEFOLATE CALCIUM",AB,TE-EQUIVALENT ALTERNATIVE
EMTRICITABINE AND TENOFOVIR DISOPROXIL FUMARATE,EMTRICITABINE; TENOFOVIR DISOPROXIL FUMARATE,AB,EMTRICITABINE AND  TENOFOVIR DISOPROXIL FUMARATE,AB,TE-EQUIVALENT ALTERNATIVE
EMTRICITABINE AND  TENOFOVIR DISOPROXIL FUMARATE,EMTRICITABINE; TENOFOVIR DISOPROXIL FUMARATE,AB,EMTRICITABINE AND TENOFOVIR DISOPROXIL FUMARATE,AB,TE-EQUIVALENT ALTERNATIVE
UREX,METHENAMINE HIPPURATE,AB,METHENAMINE HIPPURATE,AB,TE-EQUIVALENT ALTERNATIVE
SETLAKIN,ETHINYL ESTRADIOL; LEVONORGESTREL,AB,ASHLYNA,AB,TE-EQUIVALENT ALTERNATIVE
ICLEVIA,ETHINYL ESTRADIOL; LEVONORGESTREL,AB,ASHLYNA,AB,TE-EQUIVALENT ALTERNATIVE
INTROVALE,ETHINYL ESTRADIOL; LEVONORGESTREL,AB,ASHLYNA,AB,TE-EQUIVALENT ALTERNATIVE
QUASENSE,ETHINYL ESTRADIOL; LEVONORGESTREL,AB,ASHLYNA,AB,TE-EQUIVALENT ALTERNATIVE
YARGESA,MIGLUSTAT,AB,MIGLUSTAT,AB,TE-EQUIVALENT ALTERNATIVE
MIGLUSTAT,MIGLUSTAT,AB,YARGESA,AB,TE-EQUIVALENT ALTERNATIVE
TRETINOIN,TRETINOIN,AB,TRETINOIN MICROSPHERE,AB,TE-EQUIVALENT ALTERNATIVE
TRETINOIN MICROSPHERE,TRETINOIN,AB,TRETINOIN,AB,TE-EQUIVALENT ALTERNATIVE
VALNAC,BETAMETHASONE VALERATE,AB,DERMABET,AB,TE-EQUIVALENT ALTERNATIVE
DERMABET,BETAMETHASONE VALERATE,AB,VALNAC,AB,TE-EQUIVALENT ALTERNATIVE
BUDESONIDE AND FORMOTEROL FUMARATE DIHYDRATE,BUDESONIDE; FORMOTEROL FUMARATE DIHYDRATE,AB,BREYNA,AB,TE-EQUIVALENT ALTERNATIVE
BREYNA,BUDESONIDE; FORMOTEROL FUMARATE DIHYDRATE,AB,BUDESONIDE AND FORMOTEROL FUMARATE DIHYDRATE,AB,TE-EQUIVALENT ALTERNATIVE
NORETHINDRONE ACETATE AND ETHINYL ESTRADIOL AND FERROUS FUMARATE,ETHINYL ESTRADIOL; NORETHINDRONE ACETATE,AB,MERZEE,AB,TE-EQUIVALENT ALTERNATIVE
MERZEE,ETHINYL ESTRADIOL; NORETHINDRONE ACETATE,AB,NORETHINDRONE ACETATE AND ETHINYL ESTRADIOL AND FERROUS FUMARATE,AB,TE-EQUIVALENT ALTERNATIVE
GEMMILY,ETHINYL ESTRADIOL; NORETHINDRONE ACETATE,AB,NORETHINDRONE ACETATE AND ETHINYL ESTRADIOL AND FERROUS FUMARATE,AB,TE-EQUIVALENT ALTERNATIVE
DOFETILIDE,DOFETILIDE,AB,DOFETILDE,AB,TE-EQUIVALENT ALTERNATIVE
DOFETILDE,DOFETILIDE,AB,DOFETILIDE,AB,TE-EQUIVALENT ALTERNATIVE
TIOPRONIN,TIOPRONIN,AB,VENXXIVA,AB,TE-EQUIVALENT ALTERNATIVE
VENXXIVA,TIOPRONIN,AB,TIOPRONIN,AB,TE-EQUIVALENT ALTERNATIVE
CARBAMAZEPINE,CARBAMAZEPINE,AB,TERIL,AB,TE-EQUIVALENT ALTERNATIVE
TERIL,CARBAMAZEPINE,AB,CARBAMAZEPINE,AB,TE-EQUIVALENT ALTERNATIVE
DEFLAZACORT,DEFLAZACORT,AB,PYQUVI,AB,TE-EQUIVALENT ALTERNATIVE
PYQUVI,DEFLAZACORT,AB,DEFLAZACORT,AB,TE-EQUIVALENT ALTERNATIVE
DOXORUBICIN HYDROCHLORIDE,DOXORUBICIN HYDROCHLORIDE,AB,DOXORUBICIN HYDROCHLORIDE (LIPOSOMAL),AB,TE-EQUIVALENT ALTERNATIVE
ENILLORING,ETHINYL ESTRADIOL; ETONOGESTREL,AB,ETHINYL ESTRADIOL; ETONOGESTREL,AB,TE-EQUIVALENT ALTERNATIVE
ETHINYL ESTRADIOL; ETONOGESTREL,ETHINYL ESTRADIOL; ETONOGESTREL,AB,ENILLORING,AB,TE-EQUIVALENT ALTERNATIVE
HALOETTE,ETHINYL ESTRADIOL; ETONOGESTREL,AB,ENILLORING,AB,TE-EQUIVALENT ALTERNATIVE
ELURYNG,ETHINYL ESTRADIOL; ETONOGESTREL,AB,ENILLORING,AB,TE-EQUIVALENT ALTERNATIVE
FLUTICASONE PROPIONATE AND SALMETEROL XINAFOATE,FLUTICASONE PROPIONATE; SALMETEROL XINAFOATE,AB,WIXELA INHUB,AB,TE-EQUIVALENT ALTERNATIVE
WIXELA INHUB,FLUTICASONE PROPIONATE; SALMETEROL XINAFOATE,AB,FLUTICASONE PROPIONATE AND SALMETEROL XINAFOATE,AB,TE-EQUIVALENT ALTERNATIVE
ZENATANE,ISOTRETINOIN,AB1,CLARAVIS,AB1,TE-EQUIVALENT ALTERNATIVE
AMNESTEEM,ISOTRETINOIN,AB1,CLARAVIS,AB1,TE-EQUIVALENT ALTERNATIVE
ISOTRETINOIN,ISOTRETINOIN,AB2,CLARAVIS,AB1,TE-EQUIVALENT ALTERNATIVE
ISOTRETINOIN,ISOTRETINOIN,AB1,CLARAVIS,AB1,TE-EQUIVALENT ALTERNATIVE
MYORISAN,ISOTRETINOIN,AB1,CLARAVIS,AB1,TE-EQUIVALENT ALTERNATIVE
DILTIAZEM HYDROCHLORIDE,DILTIAZEM HYDROCHLORIDE,AB4,CARTIA XT,AB3,TE-EQUIVALENT ALTERNATIVE
TADALAFIL,TADALAFIL,AB1,ALYQ,AB2,TE-EQUIVALENT ALTERNATIVE
TRETINOIN,TRETINOIN,AB,AVITA,AB,TE-EQUIVALENT ALTERNATIVE
CYCLOSPORINE,CYCLOSPORINE,AB1,GENGRAF,AB1,TE-EQUIVALENT ALTERNATIVE
CYCLOSPORINE,CYCLOSPORINE,AB2,GENGRAF,AB1,TE-EQUIVALENT ALTERNATIVE
GENGRAF,CYCLOSPORINE,AB1,CYCLOSPORINE,AB1,TE-EQUIVALENT ALTERNATIVE
TRETINOIN,TRETINOIN,AB1,AVITA,AB,TE-EQUIVALENT ALTERNATIVE
DILTIAZEM HYDROCHLORIDE,DILTIAZEM HYDROCHLORIDE,AB3,CARTIA XT,AB3,TE-EQUIVALENT ALTERNATIVE
TADALAFIL,TADALAFIL,AB2,ALYQ,AB2,TE-EQUIVALENT ALTERNATIVE
INCASSIA,NORETHINDRONE,AB1,NORETHINDRONE,AB2,TE-EQUIVALENT ALTERNATIVE
ERRIN,NORETHINDRONE,AB2,NORETHINDRONE,AB2,TE-EQUIVALENT ALTERNATIVE
EMZAHH,NORETHINDRONE,AB2,NORETHINDRONE,AB2,TE-EQUIVALENT ALTERNATIVE
CAMILA,NORETHINDRONE,AB1,NORETHINDRONE,AB2,TE-EQUIVALENT ALTERNATIVE
HEATHER,NORETHINDRONE,AB1,NORETHINDRONE,AB2,TE-EQUIVALENT ALTERNATIVE
JENCYCLA,NORETHINDRONE,AB2,NORETHINDRONE,AB2,TE-EQUIVALENT ALTERNATIVE
NORETHINDRONE,NORETHINDRONE,AB1,INCASSIA,AB1,TE-EQUIVALENT ALTERNATIVE
TESTOSTERONE,TESTOSTERONE,AB2,VOGELXO,AB2,TE-EQUIVALENT ALTERNATIVE
ALYQ,TADALAFIL,AB2,TADALAFIL,AB1,TE-EQUIVALENT ALTERNATIVE
CARTIA XT,DILTIAZEM HYDROCHLORIDE,AB3,DILTIAZEM HYDROCHLORIDE,AB1,TE-EQUIVALENT ALTERNATIVE
GABAPENTIN,GABAPENTIN,AB,RELGAABI,AB,TE-EQUIVALENT ALTERNATIVE
RELGAABI,GABAPENTIN,AB,GABAPENTIN,AB,TE-EQUIVALENT ALTERNATIVE
LEVOTHYROXINE SODIUM,LEVOTHYROXINE SODIUM,"AB1,AB2,AB3",LEVOLET,"AB1,AB2,AB3,AB4",TE-EQUIVALENT ALTERNATIVE
LEVOTHYROXINE SODIUM,LEVOTHYROXINE SODIUM,AB4,LEVOLET,"AB1,AB2,AB3,AB4",TE-EQUIVALENT ALTERNATIVE
LEVOTHYROXINE SODIUM,LEVOTHYROXINE SODIUM,AB2,LEVOLET,"AB1,AB2,AB3,AB4",TE-EQUIVALENT ALTERNATIVE
LEVOLET,LEVOTHYROXINE SODIUM,"AB1,AB2,AB3,AB4",LEVOTHYROXINE SODIUM,"AB1,AB2,AB3,AB4",TE-EQUIVALENT ALTERNATIVE
LEVO-T,LEVOTHYROXINE SODIUM,"AB1,AB2,AB3",LEVOTHYROXINE SODIUM,"AB1,AB2,AB3,AB4",TE-EQUIVALENT ALTERNATIVE
POTASSIUM CHLORIDE,POTASSIUM CHLORIDE,AB2,KLOR-CON M10,AB1,TE-EQUIVALENT ALTERNATIVE
POTASSIUM CHLORIDE,POTASSIUM CHLORIDE,AB1,KLOR-CON M10,AB1,TE-EQUIVALENT ALTERNATIVE
KLOR-CON M10,POTASSIUM CHLORIDE,AB1,POTASSIUM CHLORIDE,AB2,TE-EQUIVALENT ALTERNATIVE
LEVONORGESTREL AND ETHINYL ESTRADIOL AND FERROUS FUMARATE,ETHINYL ESTRADIOL; LEVONORGESTREL,AB3,ASHLYNA,AB,TE-EQUIVALENT ALTERNATIVE
MINZOYA,ETHINYL ESTRADIOL; LEVONORGESTREL,AB3,ASHLYNA,AB,TE-EQUIVALENT ALTERNATIVE
POTASSIUM CHLORIDE,POTASSIUM CHLORIDE,AB3,KLOR-CON M10,AB1,TE-EQUIVALENT ALTERNATIVE
BETA-VAL,BETAMETHASONE VALERATE,AB,BETAMETHASONE VALERATE,AB,TE-EQUIVALENT ALTERNATIVE
BETAMETHASONE VALERATE,BETAMETHASONE VALERATE,AB,BETA-VAL,AB,TE-EQUIVALENT ALTERNATIVE
AVITA,TRETINOIN,AB,TRETINOIN,AB,TE-EQUIVALENT ALTERNATIVE
BETA-VAL,BETAMETHASONE VALERATE,AB,VALNAC,AB,TE-EQUIVALENT ALTERNATIVE
SAPROPTERIN DIHYDROCHLORIDE,SAPROPTERIN DIHYDROCHLORIDE,AB,ZELVYSIA,AB,TE-EQUIVALENT ALTERNATIVE
SUMATRIPTAN SUCCINATE,SUMATRIPTAN SUCCINATE,AB,SUMATRIPTAN SUCCINATE (AUTOINJECTOR),AB,TE-EQUIVALENT ALTERNATIVE
SUMATRIPTAN SUCCINATE (AUTOINJECTOR),SUMATRIPTAN SUCCINATE,AB,SUMATRIPTAN SUCCINATE,AB,TE-EQUIVALENT ALTERNATIVE
ZELVYSIA,SAPROPTERIN DIHYDROCHLORIDE,AB,SAPROPTERIN DIHYDROCHLORIDE,AB,TE-EQUIVALENT ALTERNATIVE
VOGELXO,TESTOSTERONE,AB2,TESTOSTERONE,AB1,TE-EQUIVALENT ALTERNATIVE
CARBAMAZEPINE,CARBAMAZEPINE,AB,EPITOL,AB,TE-EQUIVALENT ALTERNATIVE
EPITOL,CARBAMAZEPINE,AB,CARBAMAZEPINE,AB,TE-EQUIVALENT ALTERNATIVE
